0.13894606996086034, 0.02702272594612459, 0.09525681080916301, 1
0.0979378025262282, 0.014271418407341073, 0.08004731718610694, 1
0.1389472297393805, 0.026809221963695156, 0.09536798934692542, 1
0.09804876918110436, 0.014313881272471896, 0.08011573334252765, 1
0.14792582041491653, 0.02879813754954162, 0.10996939376193376, 1
0.10631498848502474, 0.018368851933785575, 0.08688232261220026, 1
0.1270883617708, 0.011903202266212443, 0.112564501331851, 1
0.13155110903663422, 0.022775699985859873, 0.10168944751019642, 1
0.13219833552922586, 0.025872774220407336, 0.10297960344516156, 1
0.07598580210977679, 0.01212022809266418, 0.06891074923421588, 1
0.11269622188309354, 0.021939267659440473, 0.09548693957413061, 1
0.140249058626577, 0.027642091584750283, 0.11646053196536803, 1
0.138739121002661, 0.027452386262462596, 0.11509977408614876, 1
0.10470498274342575, 0.0199819573144704, 0.08615019217734479, 1
0.10256617482947107, 0.019704378748329865, 0.08565148236758004, 1
0.11025299458395693, 0.023040141383724025, 0.08928938319297193, 1
0.10897475368596529, 0.015945487892558056, 0.09507631879530416, 1
0.14584003491295225, 0.016871799153061785, 0.12700975945945817, 1
0.14221987619580043, 0.012313942501412434, 0.12564510697601336, 1
0.13024050349569294, 0.020043614885227302, 0.09992232596701699, 1
0.11867282486693906, 0.015572126135113645, 0.09679168463441509, 1
0.09924795967246935, 0.02157730593296223, 0.08312791849681407, 1
0.09229189032243645, 0.017362472035626242, 0.07696424770286969, 1
0.11129833348314175, 0.017708933467597728, 0.08763856592341333, 1
0.12156627806584741, 0.019623615958784174, 0.0961807352150372, 1
0.10482931477471005, 0.016366646902232322, 0.09235940496706127, 1
0.11062883369202292, 0.027613782614828376, 0.0874883545855462, 1
0.10121828858912427, 0.020409666651720705, 0.08247279118042725, 1
0.13429925423168315, 0.022250696343428453, 0.10345879667788173, 1
0.14142655570965953, 0.015523174917303555, 0.12533123288168777, 1
0.08655958841073744, 0.009291847525665819, 0.08146998666880345, 1
0.17196800050746952, 0.03371727830674467, 0.13818472124505718, 1
0.13718789716918933, 0.01793185004977172, 0.10549321761175696, 1
0.13030131209287932, 0.01550534984509145, 0.10033535800870727, 1
0.14079447539978637, 0.026367383754733027, 0.12300832557824634, 1
0.12499374806803036, 0.015772715596182228, 0.0992730087987251, 1
0.14309753837933314, 0.02107457810846971, 0.10890880182381445, 1
0.12886584938792797, 0.015866594722400765, 0.10299797773386624, 1
0.12815026207829783, 0.027758718906839466, 0.09265643801035144, 1
0.07512692269672142, 0.013877085977810158, 0.06824938511082136, 1
0.10011830266025931, 0.01787524566778321, 0.0865181054354201, 1
0.10103553211907515, 0.016836202987034535, 0.08887159238677805, 1
0.11308552795720184, 0.025017969608285055, 0.08954794324933003, 1
0.11465865852216343, 0.022270619423834313, 0.09411905388583164, 1
0.12818540274231227, 0.025545348283411807, 0.09950209034472209, 1
0.1348131813316824, 0.033175666608710096, 0.10350873440262769, 1
0.09905918092999384, 0.016743600971478364, 0.08188013587846808, 1
0.089900823049068, 0.012549635033857049, 0.07898379669279969, 1
0.12669691000700872, 0.02941121086884368, 0.09849492115492582, 1
0.1425964553561605, 0.025114905169541606, 0.11227214041617761, 1
0.09814775270297071, 0.019969599875648163, 0.08062384076157175, 1
0.10466603678409823, 0.021363126595352094, 0.08467120838930906, 1
0.12520145230466348, 0.01696628107101936, 0.0982528926067292, 1
0.122607959047036, 0.0189316620161827, 0.09683288107904064, 1
0.10369395223893793, 0.008591148385307773, 0.09619746417794808, 1
0.12536504821796707, 0.017554311911050783, 0.11115717022691964, 1
0.09657554444210781, 0.019412454775957513, 0.08012025933464112, 1
0.14620437257256055, 0.03854699768571665, 0.10214990968147611, 1
0.13367549114568364, 0.014215537882468808, 0.11965356275998652, 1
0.13620264142479188, 0.02027486786890135, 0.12076654734338654, 1
0.14231279817677886, 0.021557609034754018, 0.11719402963456858, 1
0.07678146033052496, 0.006719800827771936, 0.07197084473221693, 1
0.13501036653569665, 0.014664990004701449, 0.11860041289121637, 1
0.1494399166265755, 0.0392991618291866, 0.1117844070532495, 1
0.09386687077089452, 0.016601020009234312, 0.08244786940481114, 1
0.12371002639227899, 0.02507628812169069, 0.09667831535212407, 1
0.0995853030342316, 0.014954072968476501, 0.0889869714316399, 1
0.10177437309946447, 0.02214098425422843, 0.08207114909560517, 1
0.12334464987037345, 0.022839989190559653, 0.09114661397311298, 1
0.08062877798216583, 0.010216535073357456, 0.07067503834804299, 1
0.1277890986659138, 0.014341296802125116, 0.11325053352384865, 1
0.06709637437803101, 0.00642219845949403, 0.06359649155882426, 1
0.10950600248597124, 0.023134435008422327, 0.08836887608008041, 1
0.17207552194373252, 0.045590254865227046, 0.10427871787726985, 1
0.12125278983166371, 0.022217224244201732, 0.0959194793179635, 1
0.12493809852053764, 0.024728738055670007, 0.09736390130704044, 1
0.11085112334457758, 0.02669374674233655, 0.08946682793385562, 1
0.1034944319574137, 0.02211773943453472, 0.08467030021829192, 1
0.09710183491859134, 0.020345008108087613, 0.07984505046471252, 1
0.14019134542429895, 0.03590317513887227, 0.09780632442646871, 1
0.14350134156041558, 0.03386299609585892, 0.09665302103698184, 1
0.09374630513168157, 0.0194100920472386, 0.07813021813762427, 1
0.14652113075144307, 0.03622750201887423, 0.09742204237280476, 1
0.09083720561529443, 0.014359619033119218, 0.07774884272239221, 1
0.11175084063252513, 0.014497976545845689, 0.08920645225854662, 1
0.12306449024870386, 0.030691331554774298, 0.09150807614866281, 1
0.13130463002648618, 0.029181605346659034, 0.10310296945045899, 1
0.08796561099751138, 0.01497829956869171, 0.07551613696360172, 1
0.10595056435013381, 0.023539676918203342, 0.08453151291927576, 1
0.10393879992625676, 0.023444161663924924, 0.0843976841423264, 1
0.11408585588668865, 0.02170526192017003, 0.09121201120578903, 1
0.11117467779566556, 0.022965565494601117, 0.08875634831659097, 1
0.11274575197007905, 0.023965874308635036, 0.09332050262825749, 1
0.1103561177517739, 0.018965775913367414, 0.08698021966521854, 1
0.09694129294290141, 0.013016528100434023, 0.08803750114753113, 1
0.0961330083562663, 0.0161925282317842, 0.08429699705745254, 1
0.10069325026974807, 0.016694542617200412, 0.08356727504025147, 1
0.10071220689198698, 0.013520740515078537, 0.08375596883108397, 1
0.11650602209117498, 0.01971780990822468, 0.09288641839441143, 1
0.11402561642693665, 0.02395637813919839, 0.09088075330776973, 1
0.10435250776690988, 0.020163063762864322, 0.08771439404220767, 1
0.10372732789152586, 0.014154929729497117, 0.09361142943782083, 1
0.09686833104543634, 0.013840602076396223, 0.08731303221943726, 1
0.15239055771521068, 0.038016590453932755, 0.1118745564500332, 1
0.11694822353087735, 0.02857393734554017, 0.09107716341700388, 1
0.0785238780137377, 0.012699840957191264, 0.07086067855325766, 1
0.13488315820728905, 0.02518082166354975, 0.10490829436824985, 1
0.10277930481099307, 0.018252549362481985, 0.08810372311132608, 1
0.08662061293736772, 0.011291540327530845, 0.0762628946064038, 1
0.1398696735301526, 0.027369821379614738, 0.09855453339493292, 1
0.09509938675118103, 0.012249644922132876, 0.08147567947372981, 1
0.10383801151831987, 0.014763094345997214, 0.08350495394357467, 1
0.11095194634280003, 0.01636078503827293, 0.08765881197875734, 1
0.11553370270904438, 0.021474667178637566, 0.09238215640389809, 1
0.1298214046814366, 0.012595850004635882, 0.09932998106245469, 1
0.10947111683113046, 0.014935953985878169, 0.08688745611326178, 1
0.13029068153239418, 0.012748968908325132, 0.09969729462364318, 1
0.10963665472698297, 0.015017045125508752, 0.08705042070577083, 1
0.1248830961432173, 0.021421759304384856, 0.09603989652917923, 1
0.13587240457862387, 0.02428609953173613, 0.09324758650489971, 1
0.12511989541586716, 0.014293076617748703, 0.09636253567870233, 1
0.12736502414517095, 0.016140393064790464, 0.09795950527955043, 1
0.16377258524618837, 0.0351575568150589, 0.10183968440939377, 1
0.08829349919692538, 0.008709648117540344, 0.0751439877561643, 1
0.14175972922213165, 0.022368389350424744, 0.10688169699856914, 1
0.12108929752500842, 0.016570002596225666, 0.10160525712379015, 1
0.13577611851873095, 0.02747558442896398, 0.10402112083421788, 1
0.13187830426063768, 0.016460363221105154, 0.10133470542481622, 1
0.13187830426063768, 0.016460363221105154, 0.10133470542481622, 1
0.1575660918755667, 0.02137824700935522, 0.12053269617974328, 1
0.1414674627577729, 0.01236571595970072, 0.11874055944796429, 1
0.1317544017303006, 0.01244675355577536, 0.10075757464701361, 1
0.19348194730115303, 0.020587015157335135, 0.13000027594574387, 1
0.13926520468895334, 0.016274781756466166, 0.10598227734289493, 1
0.17088167697116738, 0.02551545718580189, 0.11898648917866526, 1
0.12399323385273146, 0.013232354574256706, 0.09549050267920398, 1
0.16643368422810084, 0.022675724916444248, 0.10241028324510484, 1
0.12885058814568232, 0.013306618247147056, 0.0992287110651475, 1
0.12480856302087673, 0.014457142916549976, 0.09583903402717164, 1
0.14931731125947456, 0.023266956317126185, 0.1115352004252515, 1
0.17876940787057372, 0.03711644045576072, 0.1248344637986895, 1
0.13329116706454514, 0.015392659954665263, 0.1043909618455223, 1
0.1340246331352186, 0.01841772558535061, 0.10196240782494324, 1
0.121466453178169, 0.027800974888462414, 0.09384371181904283, 1
0.12443215778688627, 0.025259021251159496, 0.09042594909568445, 1
0.13863587868143462, 0.017215588243136487, 0.10532737880483044, 1
0.13944370874125742, 0.020085426835536525, 0.10619795688294552, 1
0.1254972602557463, 0.018132517373028487, 0.09781327882774674, 1
0.12477725713273363, 0.02381336394021767, 0.09055963420861957, 1
0.10516714379367492, 0.013065660478335041, 0.08345369562740691, 1
0.10615466000634657, 0.015505183784761607, 0.08445200486713324, 1
0.10483363780937256, 0.012732612875043734, 0.08940654076156661, 1
0.11222844384183192, 0.007113254130273685, 0.1015670803883087, 1
0.1383039792548391, 0.01171201021862533, 0.10540591990624645, 1
0.13255195793895647, 0.013506923058321315, 0.10217655993525206, 1
0.16342945739692386, 0.02861924394429137, 0.10165913032817102, 1
0.11905728907983945, 0.008676643787140373, 0.09238476456483131, 1
0.18573301442861645, 0.014168026101892129, 0.143272866749158, 1
0.1302570060403054, 0.007827434259581803, 0.0998285496697474, 1
0.13781350143913587, 0.010524318661237259, 0.10524734443931281, 1
0.12016931712906434, 0.021350393449071144, 0.09259892725621745, 1
0.17295696142070044, 0.03528744354223332, 0.10383052882611446, 1
0.17793580040589013, 0.028798163861691803, 0.12246925483936658, 1
0.16463992715279743, 0.03124451581520404, 0.12081721013382381, 1
0.07511150284059416, 0.004969711339777436, 0.07031813600780233, 1
0.13451042725189835, 0.01116888179654348, 0.11841162798022818, 1
0.11453344881030927, 0.008201535598937517, 0.0978128569962379, 1
0.14257938774076828, 0.01641542636892202, 0.1232490583880484, 1
0.16405357259569614, 0.027200948260812877, 0.11558311834101069, 1
0.16964420308669015, 0.035891983621295455, 0.12104380776432105, 1
0.05039061180514897, 0.002462174594214691, 0.04901785425484351, 1
0.15936184392757516, 0.019610771965250105, 0.11379123321048411, 1
0.18298793911709899, 0.029167512763997972, 0.12748640930526486, 1
0.1712825388965768, 0.015861873931078824, 0.11966654986224952, 1
0.16991437782064114, 0.025026878984418906, 0.11931751107807757, 1
0.1725457861980871, 0.029153734368560558, 0.10628845780274451, 1
0.14885048525792643, 0.013262538714104063, 0.10791334832582637, 1
0.1366859433281807, 0.011926446066682802, 0.10303490436088612, 1
0.11783473012134298, 0.01484630776492512, 0.09264937226620941, 1
0.119039905900752, 0.022245553573079804, 0.09347098897848566, 1
0.11315898498021845, 0.02234899160629187, 0.08885802839575267, 1
0.15992535096460533, 0.03870598338428892, 0.10060443156295806, 1
0.1608623405449108, 0.03883549690676836, 0.10254616133940216, 1
0.12317596630842463, 0.014145262055487003, 0.09603020772224681, 1
0.1724140128998596, 0.02007240496564342, 0.11935116693022087, 1
0.14342619215376298, 0.025435602665404445, 0.09574770235978487, 1
0.13330626777662954, 0.012625848680075975, 0.1028052768733141, 1
0.12651307782906113, 0.01425524308032162, 0.0977272702221173, 1
0.12679305304169478, 0.01586220634388434, 0.09703724534800824, 1
0.13195238370161044, 0.012481691529111848, 0.10206547889934382, 1
0.09918995232749886, 0.005825794572269539, 0.09165932682267965, 1
0.13659604332951547, 0.026187346578340844, 0.10037746904372681, 1
0.1265151499457443, 0.014501256732866162, 0.09741416125338129, 1
0.1330645484394679, 0.011390774592148644, 0.10103777759351634, 1
0.15650208222146655, 0.028908959516625726, 0.10166071055193672, 1
0.124975066711358, 0.009761782995593379, 0.09644965221058382, 1
0.17904483515406253, 0.020018075700714195, 0.10680771167588457, 1
0.17874101111745422, 0.03418937439263303, 0.10564268734783895, 1
0.12541566560248782, 0.009836135162684286, 0.09918953206729554, 1
0.1208865124015631, 0.011836346755799578, 0.0935991404511374, 1
0.12936624142643532, 0.024425841285285767, 0.09134935942719215, 1
0.12420299440750013, 0.012548066605511157, 0.09646862623015855, 1
0.11985137440011115, 0.011359225590082688, 0.09685694984288164, 1
0.13691353346449156, 0.016222756817488953, 0.10397484457900806, 1
0.13841815852314845, 0.020772071593143215, 0.10970341420971036, 1
0.16703048292119763, 0.032175013170370366, 0.12126597060129536, 1
0.10426608273859815, 0.020187093229615007, 0.08338844368318801, 1
0.1344699430231401, 0.021701411226781382, 0.10401998125375446, 1
0.13296951028119505, 0.02692614618663408, 0.09292881415985808, 1
0.12866668956482982, 0.01131810246112617, 0.09868252954431869, 1
0.1445049162531855, 0.023553027609040864, 0.09589553145160368, 1
0.1804648444952781, 0.03981163274334159, 0.10631994947993506, 1
0.1646449145076927, 0.035226995062216375, 0.10171419051713305, 1
0.12128890129581064, 0.010819175079252142, 0.09347530164255474, 1
0.15639249721273618, 0.019853133337637604, 0.11614550937858793, 1
0.19288746553659375, 0.025951664866240648, 0.13036424138985525, 1
0.16221231835953376, 0.023476401480511888, 0.11517174167499561, 1
0.15310811074464825, 0.027164749939098825, 0.11323112609572933, 1
0.12312136412922471, 0.017177010030936007, 0.09734377638755538, 1
0.1419801182866774, 0.022016187756281794, 0.10903954662981681, 1
0.09335194147977421, 0.02188320043651568, 0.07865832064775412, 1
0.09036923306238992, 0.011049924125847892, 0.08498170806760795, 1
0.09319023496345788, 0.021653927713980628, 0.07861512108694746, 1
0.09039135228267023, 0.010778200197553612, 0.08524880521785685, 1
0.1171169081489513, 0.016967742561659702, 0.10423626299913528, 1
0.1008742115750066, 0.014424385903357232, 0.09242192043573216, 1
0.08743255418041121, 0.010455557578643861, 0.08314932581640005, 1
0.1287237855002235, 0.021518811665881567, 0.10568430518496576, 1
0.12676697842476195, 0.022605671591563993, 0.11335373228884717, 1
0.1431941282120289, 0.028754150457027627, 0.10945466580258564, 1
0.13588272773942045, 0.023846168796613096, 0.10550332054371656, 1
0.1096365703814845, 0.026893912411824632, 0.08836062569900197, 1
0.11292764246134895, 0.02720313292769824, 0.09154760935566597, 1
0.11487275868112842, 0.027378495014783396, 0.09312464312714804, 1
0.1064039810492712, 0.014492742520509964, 0.0971518705330317, 1
0.12306229869864341, 0.03301796747179944, 0.09621748649803548, 1
0.12446167383143066, 0.034074380430147495, 0.09706796253934456, 1
0.10933877513882082, 0.025211688317727403, 0.09077701701833953, 1
0.1018262456717591, 0.01969192450056339, 0.09056866735002034, 1
0.10879346567957791, 0.02439515723880337, 0.08655946689829032, 1
0.11189596299245932, 0.027288020033656227, 0.09022042638892043, 1
0.08997548640571425, 0.01803911722744005, 0.0799519516915442, 1
0.10110493641598385, 0.025449627113009493, 0.08212422027247164, 1
0.08959941653956571, 0.015190292745716765, 0.07940478846800104, 1
0.10462882302140178, 0.024593167861905216, 0.08709354244646754, 1
0.09876148355690413, 0.02293028956880268, 0.08274683321915301, 1
0.09593335228736224, 0.021800057447007633, 0.08082065072408041, 1
0.10653425253149224, 0.025639870954968075, 0.08676742824328501, 1
0.09886528480783838, 0.022839803776650833, 0.08405175789177365, 1
0.1007523386200937, 0.02191149089965123, 0.08386722605124067, 1
0.10416358138423018, 0.024363460997269576, 0.08938850404995614, 1
0.0924775122618155, 0.0172475062029997, 0.07710231552750132, 1
0.09739036580128008, 0.021852846934479205, 0.08540919715394361, 1
0.13576708743839613, 0.028373272145365325, 0.10358874194225134, 1
0.0924454431564889, 0.020165576788336803, 0.08219677195813441, 1
0.09320297956560064, 0.011564556678024968, 0.08874232867014493, 1
0.09258196733775795, 0.020920134436401887, 0.08005903327905985, 1
0.10269828367573935, 0.022897412254956267, 0.08438927372908846, 1
0.0951220387615439, 0.014805492361567188, 0.0893569462723218, 1
0.10539807265114201, 0.022509590613795594, 0.08811457295513023, 1
0.10580374336809027, 0.018244906351288184, 0.09653803286622327, 1
0.10886508794719389, 0.019410427596710793, 0.09875375730397802, 1
0.11366500666283168, 0.03210927546646277, 0.08968004332680664, 1
0.11461297234653979, 0.027906774033555293, 0.09250315264170954, 1
0.10831774293429122, 0.02722114593907482, 0.08700761529866559, 1
0.10592584714168421, 0.02731797272336431, 0.08565934900747439, 1
0.12457532075365724, 0.021412960864794515, 0.10985737137113702, 1
0.13003383084702735, 0.023153942379844295, 0.11622762396470039, 1
0.1250879595568867, 0.02115379718804123, 0.11218524299888619, 1
0.10324024688995304, 0.024050142175471356, 0.08511951785720895, 1
0.09638096284915149, 0.020577152276357116, 0.08025217391332867, 1
0.09242553019100827, 0.012683687065604686, 0.08468794147793036, 1
0.094591906628013, 0.018956500315271078, 0.08101559434097105, 1
0.10720217021428904, 0.02422158703845344, 0.08831614265125232, 1
0.10575867463338008, 0.02672706088736792, 0.0855968989704295, 1
0.1050950193690785, 0.024572329389881287, 0.08571953010425533, 1
0.1043237192889418, 0.02466345549146594, 0.08586642274761615, 1
0.10064363459848112, 0.023886051945556444, 0.08557171691887626, 1
0.10263165613480496, 0.017223347082516688, 0.09556392247527902, 1
0.10784947273181847, 0.024409797446676013, 0.087542260157025, 1
0.09835460358490368, 0.02302145359534188, 0.08296951866006624, 1
0.1456008250513499, 0.03110942069859554, 0.10948399281046474, 1
0.08639360078531308, 0.02036950006294066, 0.07445002956863589, 1
0.09688399715053955, 0.017352586242185088, 0.0841815405251243, 1
0.09060921757124929, 0.019601960339669093, 0.07775490515977584, 1
0.08979039375706843, 0.01559187688781617, 0.07520565941657158, 1
0.08973776317309996, 0.015462689078918877, 0.07749257251226159, 1
0.09719206746606238, 0.021998717007245948, 0.0818858798257594, 1
0.10221883137937543, 0.022434378435539058, 0.08543960535499431, 1
0.08341915623586704, 0.014389262040365697, 0.07418806215897984, 1
0.09226480793143223, 0.020270216775625138, 0.07801614944116231, 1
0.11438378396310253, 0.030369234853710417, 0.09086606408859951, 1
0.1182282363612518, 0.028956101989515336, 0.09238419104454193, 1
0.10063285314897251, 0.023655829634705743, 0.08423384659177678, 1
0.15346981340096602, 0.03548557052782794, 0.11213811357266688, 1
0.09027901586726583, 0.019458669538707566, 0.0774087292026955, 1
0.08698199561545547, 0.01868884150301958, 0.07633385329986561, 1
0.08798677464903344, 0.018600219865181185, 0.07698209485004211, 1
0.13767836266239306, 0.034607358072840454, 0.09557599821823917, 1
0.08895674839445822, 0.021465721854784285, 0.07470829918599713, 1
0.08431043130526486, 0.01850114476621553, 0.07435457626220837, 1
0.11730939452209574, 0.02053253862536296, 0.10031176864815988, 1
0.12849091885061545, 0.01579123626508281, 0.11498874934847109, 1
0.14361085439726018, 0.03590365215779965, 0.10959056373898078, 1
0.0902433660401132, 0.01181828036939387, 0.08582524335551389, 1
0.13030164216980908, 0.01980886861025659, 0.11597020875644748, 1
0.09645095090892433, 0.020249062781785277, 0.0864117026357853, 1
0.09456025053880415, 0.02118008260688053, 0.08242489412049019, 1
0.1568302082742485, 0.012287226050855206, 0.132989658580221, 1
0.07411131172903963, 0.003836375951600325, 0.0696762870659048, 1
0.13370658882283193, 0.009057951701803275, 0.1172825043976959, 1
0.09175670951351424, 0.011427828023810888, 0.08613074872264877, 1
0.08103290985174097, 0.005821845938502981, 0.07624184027113112, 1
0.13073197919220614, 0.01561547859246601, 0.11489601307833906, 1
0.09963797180782887, 0.01484919011817906, 0.0928789670851753, 1
0.1032126813511669, 0.023692695682911498, 0.08481105726848817, 1
0.07104250119273103, 0.011457273610199908, 0.06338126882732673, 1
0.17152732914371271, 0.018242444719049285, 0.1192081984023135, 1
0.16215728515195404, 0.01310807061246424, 0.11459992632703238, 1
0.16302381493642326, 0.0208374997364054, 0.12031985648728297, 1
0.15042899922929712, 0.0167152857467761, 0.10977119597746005, 1
0.17957775256014205, 0.024584589286759568, 0.1271604402853518, 1
0.16010442480419676, 0.03552024443729048, 0.10054050264719318, 1
0.13947117010343102, 0.012301607162412225, 0.10569813232748063, 1
0.13235091826950082, 0.013878784337918655, 0.10219763334037084, 1
0.13499946120469652, 0.017236920617708294, 0.10258318245738748, 1
0.12490919520040966, 0.012918463528896418, 0.0979206734222191, 1
0.12628668843850943, 0.016426933047172264, 0.10020224127700231, 1
0.1294493240108161, 0.009706953551460245, 0.10023788336752334, 1
0.12795235688622075, 0.01660420904498525, 0.09732968159834693, 1
0.15836280486136045, 0.02009430148217265, 0.10158161960440627, 1
0.15024283390828394, 0.02485268798303886, 0.1061070570637886, 1
0.1292194033022404, 0.006810560336290363, 0.10118883488150855, 1
0.13550296640415982, 0.009558886675403963, 0.1030202650362637, 1
0.13766414795822782, 0.013499546025480138, 0.09993796212858455, 1
0.17511936981692156, 0.033356242292290304, 0.10625736126714258, 1
0.14025811545427685, 0.006335644824578788, 0.10533673849400799, 1
0.17520505143748086, 0.011399884741917173, 0.11966922944186516, 1
0.16299067587459187, 0.017709808448171552, 0.11681471357408169, 1
0.15372877172971666, 0.021478114299694134, 0.1169196570014034, 1
0.11764365943678806, 0.010828105457525829, 0.09126348396727023, 1
0.1670580720926511, 0.016653778051076464, 0.11818877059336648, 1
0.12989645326600657, 0.00948446803236647, 0.09986580262632166, 1
0.12875468473990595, 0.013813488319967713, 0.0985399994583607, 1
0.1283650903752093, 0.015577133424298013, 0.09802835692603248, 1
0.1372045346309919, 0.022858030730324087, 0.0934911854458118, 1
0.13480530599829624, 0.010426130880726149, 0.10370938814382637, 1
0.11675194330672665, 0.013302215808097368, 0.09053067712696723, 1
0.15626992966064718, 0.030110150465629835, 0.11568372300521958, 1
0.1094534340896576, 0.01406843293517887, 0.087284530902023, 1
0.1426449357749187, 0.012050783274079525, 0.10759909501859684, 1
0.14140551048691252, 0.009200365285562605, 0.10747420119947401, 1
0.13359887868413575, 0.010794408355175164, 0.1019345821987211, 1
0.12938728115715203, 0.013390534990886998, 0.09967166193042525, 1
0.1795582812780721, 0.02782437095830098, 0.10650362584885971, 1
0.12392166081654735, 0.02024432971270972, 0.09648587193432642, 1
0.1695606273083661, 0.036014588757735014, 0.10409208617335697, 1
0.152758987464231, 0.023065448849461174, 0.11160445257008876, 1
0.13075315753108033, 0.01033700618899621, 0.10204983706850919, 1
0.17948132682375112, 0.02964502936125424, 0.10658422303429717, 1
0.13294226824038285, 0.009238386410839388, 0.10067145670914057, 1
0.14091899813417197, 0.02066069982029983, 0.09745193022265145, 1
0.13514084751647773, 0.0116216097178717, 0.102476140476537, 1
0.15999003340795365, 0.016555895978637006, 0.1160666745696378, 1
0.16800962360604282, 0.023935396938167052, 0.11691522356842676, 1
0.12701659414333652, 0.012362582392673623, 0.09826658779403723, 1
0.12938743074630124, 0.01559551414696171, 0.10038887591656057, 1
0.1622820940382545, 0.022100403575159445, 0.11478238810568958, 1
0.1345985490818601, 0.02740595143426059, 0.1041447052303467, 1
0.13897800270554206, 0.018230879467638607, 0.10552332110265361, 1
0.11825334772903946, 0.015487396082681688, 0.09251707974322189, 1
0.11356795856625454, 0.019879362602770366, 0.09154563146176127, 1
0.14654767419843015, 0.034129196955025726, 0.09663757446728478, 1
0.10788172988994321, 0.01258035060639913, 0.08543399371950806, 1
0.14733735214924, 0.02797645750587163, 0.09717810033883839, 1
0.141577248774535, 0.012013235207140522, 0.10637663653590775, 1
0.14495401329961213, 0.021265561510039603, 0.09985447521401287, 1
0.19261880837099415, 0.04512206508721718, 0.1097749387660638, 1
0.1452106741424892, 0.02176169984141416, 0.11069275592826693, 1
0.1482142978357199, 0.019122272794567286, 0.10910833306868063, 1
0.12191447835943948, 0.017894086475738924, 0.09578640065283738, 1
0.1208654122061501, 0.007955726079438456, 0.09374553720846282, 1
0.16826675680182662, 0.04386082913204165, 0.1033156457869854, 1
0.11708593566933244, 0.011752833859825777, 0.09148359844303157, 1
0.13854406104309633, 0.020657012794311504, 0.10538104658900735, 1
0.15969825760617362, 0.03516272421608108, 0.09994798592043015, 1
0.14493850200313624, 0.02350376437898203, 0.10918937420071906, 1
0.12888608050538647, 0.014201593628430705, 0.09924299614100761, 1
0.14010998891708046, 0.01370589874696623, 0.10618608374735916, 1
0.16223303875289974, 0.027062705745110185, 0.11470471422542843, 1
0.16705705855891723, 0.0229063354239222, 0.12880601015676332, 1
0.1869063081084055, 0.03698736040256762, 0.12556518578107936, 1
0.12855963367704015, 0.019713258932585014, 0.11307815162866755, 1
0.18891404414945573, 0.030198563792086214, 0.12981423461431102, 1
0.15244225740778308, 0.018238809669525482, 0.11073128973788157, 1
0.13260206239164937, 0.009949319331453564, 0.10163787347666488, 1
0.1415035219453624, 0.011401422413962149, 0.10715775684022104, 1
0.1560787616558574, 0.019770117265191837, 0.1054719431756614, 1
0.16425133610492476, 0.03197398207218585, 0.10204421579298191, 1
0.1284743749696893, 0.00996480152914964, 0.09912630167067094, 1
0.12608619282301484, 0.009920812994905985, 0.10017790230565059, 1
0.17195617296789595, 0.02188153457749495, 0.1211864170564715, 1
0.18926045381414291, 0.04761050131686121, 0.10883508003888973, 1
0.1377968524134801, 0.010290959875451575, 0.10438220196982036, 1
0.1634527734968993, 0.025377046186840006, 0.10597924480962628, 1
0.13052397859601356, 0.010148155317100407, 0.10024991504912441, 1
0.1265741812483941, 0.026849412576435503, 0.09226516729438052, 1
0.12520896194141123, 0.011825698428165278, 0.09678765538449394, 1
0.11252095780665516, 0.022450967805049543, 0.08833061970639224, 1
0.16203805050520953, 0.041967533297948285, 0.10148525189805951, 1
0.13060057846751516, 0.013427480089882479, 0.10148848709757882, 1
0.129412357144531, 0.015620039586166303, 0.0997230799526046, 1
0.1350392529322726, 0.026514115959455763, 0.10391836673725609, 1
0.14831483702518627, 0.03842379300179717, 0.10060540175311426, 1
0.15532884470708416, 0.026685579246695432, 0.10021313185465132, 1
0.11228704846015873, 0.009761100201817039, 0.08797009663005328, 1
0.15293459530863152, 0.019669362380468566, 0.12822207930576252, 1
0.11551742566051604, 0.014394381555621522, 0.10456294101777615, 1
0.14357743630487355, 0.02074255313321749, 0.12600126516240376, 1
0.12488553018580431, 0.0187796841283038, 0.11118978930447262, 1
0.11670709019435732, 0.015435532899233769, 0.10541876341192308, 1
0.11274187854301909, 0.025312422205606304, 0.08970770517353523, 1
0.15974079516945403, 0.03768688195933145, 0.10368648865251268, 1
0.08128566896184747, 0.011405216003643944, 0.07238995432523383, 1
0.08577342507133452, 0.016216637983784483, 0.07366920874644786, 1
0.0931760527221696, 0.014835619619690108, 0.08000659584018964, 1
0.0975941244719425, 0.01947868112361044, 0.08082517064919556, 1
0.13988699086030335, 0.037467757405761894, 0.09693392458809849, 1
0.09104991357013827, 0.01777349559680307, 0.07660907981593516, 1
0.12484727031050412, 0.024655887924676295, 0.10135628200284101, 1
0.1321325331957314, 0.029307298967209638, 0.10422689874965785, 1
0.13354660192565918, 0.028764111818513273, 0.1063483963337512, 1
0.09685927975558935, 0.010864059433040585, 0.09063036912746257, 1
0.1337159362083191, 0.014755919318602246, 0.11748769258678657, 1
0.11628552570226156, 0.027192044186169485, 0.09621245446407532, 1
0.11197750585449888, 0.0253002742491788, 0.08956289606760269, 1
0.11246076827762516, 0.02554027545860995, 0.0910634520307497, 1
0.11943403864920404, 0.024829785704945033, 0.09382090700643383, 1
0.11922902774247214, 0.031458116555780666, 0.08990767574640163, 1
0.11749439223986105, 0.028168668217618514, 0.0902492581761176, 1
0.07271114007404234, 0.01497389590566811, 0.06537796453619753, 1
0.1206077177557568, 0.026231990243004714, 0.09244970177267742, 1
0.11445587019374986, 0.024872436094510408, 0.08980893890833566, 1
0.12374175697167009, 0.028428876386427448, 0.09588956537137387, 1
0.12015013959894014, 0.029546883268595326, 0.09408712894969747, 1
0.10678402646856064, 0.0160637577715364, 0.095220721205215, 1
0.10939094360803615, 0.024992738303885695, 0.08625718419222933, 1
0.14466368199041002, 0.037421926577481265, 0.0984170144594306, 1
0.08788676082293187, 0.011965572130930208, 0.07685656053045696, 1
0.12241471457940922, 0.022358639332160382, 0.09759771174449264, 1
0.12017036874756609, 0.023549000649079995, 0.0949340394112094, 1
0.08691852754090641, 0.014923009690704576, 0.07405094518289537, 1
0.08317002108616832, 0.012078420928977974, 0.07284774285429334, 1
0.11929820621034007, 0.017150684241913128, 0.10121177919390367, 1
0.12066154971433685, 0.01912078153409619, 0.0935919176709286, 1
0.13031201235130266, 0.01709799121440569, 0.1149350621207069, 1
0.13722823966165204, 0.011571546820844417, 0.121728806131907, 1
0.15024556009843384, 0.017864240991042012, 0.12869325470325907, 1
0.13352031840920991, 0.015828463659198752, 0.11831198206767896, 1
0.13518116400252866, 0.019779435343052133, 0.10416239689438582, 1
0.10653055380926113, 0.020969493049924008, 0.08564548922329449, 1
0.13204937334458844, 0.018999318350470067, 0.1026500879667077, 1
0.13090548677629602, 0.021619554494979407, 0.1025735219443285, 1
0.09658318833668887, 0.018055829802061166, 0.07934001556492433, 1
0.13591413259293653, 0.03029734658566605, 0.09386969278205264, 1
0.113982434027683, 0.011329225726211641, 0.0953711816042305, 1
0.14967160279569763, 0.02570366128976741, 0.11069357389735221, 1
0.10523932177371967, 0.013640637421578354, 0.09582721420713775, 1
0.12908509998287832, 0.02149215457502759, 0.11367175949747092, 1
0.085452028030455, 0.006366847718530879, 0.08105229986742943, 1
0.15517228417518228, 0.02853380698944392, 0.11678800211179695, 1
0.10736960065641817, 0.021918286444933075, 0.08968276208825254, 1
0.14394396546139976, 0.031050303253009785, 0.10638113515310114, 1
0.10401307462202869, 0.017135821589707854, 0.08504642912689785, 1
0.1092823130579359, 0.02077892247187043, 0.08821376111635229, 1
0.09886772460489382, 0.0178449166135113, 0.08513064501699447, 1
0.1321852560200959, 0.022141797867006013, 0.10308397741035093, 1
0.1254249228459704, 0.030587713779179713, 0.09814125909096161, 1
0.11946677177354129, 0.02755664126852376, 0.0924979512599252, 1
0.12842186550619014, 0.01219658985930718, 0.11409614384752464, 1
0.07184234872202362, 0.006480572236012836, 0.06692709617710212, 1
0.16176992996492456, 0.019102868152297614, 0.1323211766327259, 1
0.15681624103454142, 0.02156356645506032, 0.12991029905098006, 1
0.05722323506342099, 0.007473720976071241, 0.05445346497058499, 1
0.12530892553901865, 0.012481148734218975, 0.11093634233453971, 1
0.10250746703126559, 0.020035341578873093, 0.082737308629598, 1
0.09614620206235372, 0.014505082847941735, 0.08094428577574825, 1
0.1456841049492199, 0.02689646733931358, 0.09783646522048388, 1
0.1299344246662301, 0.026444770349656997, 0.09204102743366616, 1
0.11718795483009324, 0.024035189954088054, 0.09394566921989027, 1
0.11856232991484655, 0.0249299028138207, 0.09327386849642612, 1
0.13400471060625704, 0.015200765869101249, 0.1188015505124809, 1
0.06434181111937594, 0.00970975220273981, 0.06087865179707838, 1
0.08723150180737674, 0.007134809991030036, 0.08225245093408112, 1
0.1635244613885202, 0.030643953597771022, 0.1185267947716834, 1
0.08207852670373225, 0.006617969860175271, 0.077431516309907, 1
0.1279514615632591, 0.014482355896474414, 0.11471581663823606, 1
0.12862211839623372, 0.03235917132799916, 0.09272106652515469, 1
0.11712242747403895, 0.01778122098130164, 0.09163098341247, 1
0.13165803449463523, 0.015892838026630496, 0.11234050545155509, 1
0.15155200963609247, 0.036029608914767385, 0.11245599994295491, 1
0.12373916369346223, 0.023927818146270916, 0.09907781455434413, 1
0.14106670312001052, 0.0216397143889405, 0.11209632720612821, 1
0.10835741929949305, 0.013620658776870794, 0.08753828374491808, 1
0.10642198021662347, 0.014350637233805424, 0.08584379123680544, 1
0.10983157866359985, 0.016482802094092617, 0.0918578367426302, 1
0.10616435746414989, 0.022869213066653665, 0.08481096032550611, 1
0.12718462741049916, 0.016498413850250294, 0.09788948579846478, 1
0.11920198126648104, 0.026354276154790118, 0.08925820094277445, 1
0.1354629432808992, 0.022907765245229895, 0.10640258054682597, 1
0.1280757211355954, 0.018732369200250024, 0.10229311182494927, 1
0.12564095888225307, 0.018319715529904808, 0.09738797230682092, 1
0.11790690770297862, 0.016515963897396187, 0.09496430619774383, 1
0.12115413543014872, 0.01737695899053312, 0.10328955244726465, 1
0.16917957464571734, 0.033699939921239305, 0.12021660001798377, 1
0.11637798546824615, 0.02296596431077166, 0.09199563660938413, 1
0.10729537958655608, 0.017908744489472633, 0.09183719963325979, 1
0.11651726589396083, 0.02443498789378865, 0.09178552530581238, 1
0.11414864392922539, 0.02449132987548313, 0.09078560447369921, 1
0.1093610267131495, 0.017959350909597625, 0.0920923717280751, 1
0.1617319619381977, 0.03335947421101931, 0.11429367706047457, 1
0.09685819135840869, 0.016162368007898775, 0.08073661903610145, 1
0.15054541090666285, 0.03250651746576413, 0.10140263774383335, 1
0.1046035387910493, 0.01879647416953016, 0.09087749030101495, 1
0.13728617575047422, 0.027011617261739337, 0.10691567085931908, 1
0.09539943827951457, 0.013915119899804032, 0.08506949986546566, 1
0.09253406537683771, 0.013863800776500394, 0.08321675034956486, 1
0.12127304515094627, 0.02769277433872325, 0.09345002700719957, 1
0.11597922343241965, 0.021291099526629838, 0.08770440107072794, 1
0.14058762622863902, 0.023311817514858193, 0.12396653392838265, 1
0.08256345591166271, 0.008903442945916974, 0.07820188211467084, 1
0.11799327221002831, 0.01945906703412168, 0.10518235001286601, 1
0.1013355283439067, 0.02352866236929356, 0.08435118618476245, 1
0.10201594857459323, 0.02388160305303723, 0.0847302143435494, 1
0.09875914654341246, 0.021591986266327454, 0.08264868851184233, 1
0.10078773699231755, 0.022074304338019938, 0.08639085092880834, 1
0.09890653521995103, 0.014275709036817734, 0.0929597498965947, 1
0.10064256439411684, 0.018456012380235625, 0.0898950441357213, 1
0.11648130899109971, 0.03068180943178344, 0.09293211266556649, 1
0.11474844602903911, 0.029557082401743092, 0.0894027066134331, 1
0.11026452745767602, 0.025778268225698106, 0.08781065199816482, 1
0.09822007168217509, 0.020162017510150388, 0.08761130604279596, 1
0.10071585340700118, 0.019708406225490104, 0.08251310247395414, 1
0.13316378688365954, 0.02429143148586102, 0.11702372433771976, 1
0.09320826470006585, 0.012804018097220272, 0.08920871910341475, 1
0.1367235113177288, 0.026962412780856992, 0.12058830470619322, 1
0.15707085850886635, 0.033244191139880565, 0.12366892891929462, 1
0.11521871540382159, 0.028418378023929543, 0.09216123656403098, 1
0.10663625894653198, 0.02582108146188836, 0.08677717642452398, 1
0.09717723460104814, 0.016483485291944346, 0.0863781786813405, 1
0.08678543378212505, 0.016691417382492663, 0.0784538264117359, 1
0.09659693002040162, 0.02421910474813641, 0.0794924443017883, 1
0.11121815035396333, 0.02695615600581186, 0.09243314846817874, 1
0.11056184368998762, 0.027072804759279503, 0.08973435844568425, 1
0.11603942475788881, 0.029296110631911093, 0.0926170842541447, 1
0.09375220901895616, 0.014969752053780858, 0.08813717611606846, 1
0.13588539014495746, 0.030333702492868292, 0.10386623718355346, 1
0.10490449361426707, 0.01680929269035342, 0.09788909880254727, 1
0.09703348059164812, 0.022478951256657425, 0.08252931834533164, 1
0.11106873933971395, 0.015167572229024625, 0.10185462318090915, 1
0.11023548644715192, 0.01605607029480351, 0.10085803111299368, 1
0.12361910938940363, 0.022908007253878964, 0.10217144355990411, 1
0.12238372005038713, 0.025973820711701963, 0.09486232500869902, 1
0.08329472214792345, 0.020693820557996078, 0.07098854888119371, 1
0.1293772832893068, 0.030011467150111205, 0.0999604330960192, 1
0.08665454977132148, 0.016342556104439666, 0.07357081652931781, 1
0.08864686691148299, 0.018842979740152727, 0.07631744467430135, 1
0.10229787065194762, 0.023857200244019647, 0.08561201704875424, 1
0.10619045514436366, 0.024774072106018827, 0.0882198062760897, 1
0.11379130038588234, 0.027260384214521923, 0.09069837739663218, 1
0.11354892866675716, 0.027171376111815488, 0.09063528219784213, 1
0.08376165980296066, 0.013416002267577618, 0.07254819087355202, 1
0.08300972394750956, 0.014078202294412246, 0.07180208768526476, 1
0.08538277069279962, 0.011385593691130338, 0.0811871735579908, 1
0.13672025399306703, 0.02318664081695766, 0.11620843492455614, 1
0.1225001482206847, 0.022398003767317123, 0.10011432629980421, 1
0.08290527425023583, 0.016927989337722466, 0.07380261265590733, 1
0.08269786743898341, 0.011156164767034392, 0.07861206367405076, 1
0.1235015639497543, 0.021125985177459127, 0.10677635280819554, 1
0.1005427933791893, 0.02304351241894836, 0.08308279199274436, 1
0.10913517411482834, 0.027892043073169948, 0.08796218090031857, 1
0.1093591079924217, 0.021292994163390904, 0.09424591033845688, 1
0.11582463995059099, 0.030840632015794945, 0.09206960329671102, 1
0.12449880169634554, 0.03484518069613859, 0.09420620950855053, 1
0.09896366547297294, 0.013428206393905642, 0.09356400475609811, 1
0.09695504039943267, 0.012660441919344904, 0.09212517375262388, 1
0.1400053508400799, 0.03539269923511161, 0.10735835953023037, 1
0.09403562582849861, 0.017495742835330626, 0.08206529057293589, 1
0.11185054316223741, 0.01341264573169978, 0.10248358013567485, 1
0.0832440159927527, 0.013120351937638173, 0.07827858207361083, 1
0.12540519978954415, 0.019859215513582534, 0.11170361682388394, 1
0.10655562199364237, 0.024251676331720255, 0.08752677457164748, 1
0.10172796878777113, 0.023631279791921807, 0.084031874489414, 1
0.10699474481542806, 0.025648014236366604, 0.08771762128878095, 1
0.09395472662799409, 0.020865503473347768, 0.0817978673531105, 1
0.11608331949878953, 0.02270524527051034, 0.10319475876283696, 1
0.12175403885709268, 0.01788376031718085, 0.10923882078992625, 1
0.06425226145433736, 0.012441104052942872, 0.04801564502849998, 0
0.046905616040839954, 0.006486934039733528, 0.04048597486681584, 0
0.043666338684350006, 0.005373415371749492, 0.038350385578566154, 0
0.0544043654398549, 0.006794553544297909, 0.04438504499560143, 0
0.058328664899317186, 0.00895419413338636, 0.04611674470742142, 0
0.04911544564495734, 0.005922915287547092, 0.04163623798364254, 0
0.05167561572481165, 0.0062047560623182865, 0.043039631612572904, 0
0.0653115898394634, 0.010859894264847658, 0.04827105187996329, 0
0.047927960905457825, 0.006978718891152539, 0.04109808852568926, 0
0.05255993160473158, 0.007458416582778876, 0.043533607577570924, 0
0.04724967965939357, 0.0070446209899430725, 0.04063025682048671, 0
0.05832005574993565, 0.01266300960354491, 0.04604312375639024, 0
0.049003814920509446, 0.00922168269624665, 0.041667615416674325, 0
0.047869520906879966, 0.008603286227022822, 0.04109096240857378, 0
0.047518445929497784, 0.009628616687521956, 0.040908417348346264, 0
0.04306190619690915, 0.006380701350292714, 0.03818279235239214, 0
0.057241919360163214, 0.007612161940015916, 0.04574079049012814, 0
0.058708283967096674, 0.010050196160374149, 0.04624450353783979, 0
0.046530783207734655, 0.010238684752234252, 0.04061478070004168, 0
0.037377888495690764, 0.006334856185949646, 0.03426221106873057, 0
0.040215957623755065, 0.0069257615019164475, 0.03634739782025473, 0
0.05416693983249517, 0.00835579074039802, 0.04442875951869043, 0
0.0373133645910427, 0.005956689236832591, 0.034227127610913455, 0
0.048973586812360234, 0.005855626279533938, 0.041520132230252575, 0
0.04914975600045658, 0.0058020760783714905, 0.04163556853401819, 0
0.04527644033697292, 0.0067263045901838885, 0.03946865519030954, 0
0.056395185668894066, 0.007475887768268911, 0.04524659564237191, 0
0.049762779538260964, 0.008613375899670693, 0.04214409170767532, 0
0.04219271055609665, 0.007133580479644976, 0.03755194266855634, 0
0.04026916982391235, 0.007230232687202076, 0.03635284834306769, 0
0.03716103591720787, 0.005845092192805093, 0.03413821480622058, 0
0.05156443308663608, 0.009807271825881826, 0.04312487376936898, 0
0.035286439017388545, 0.005431895441428983, 0.03271176795428142, 0
0.04276636770588317, 0.007602163354976727, 0.03807609566073188, 0
0.04196225096095464, 0.007540573187433045, 0.03757186668920498, 0
0.050859368695266347, 0.007026923312405473, 0.04263301068449114, 0
0.04285631765194444, 0.0075430920618470235, 0.03796930539895545, 0
0.04002268326188833, 0.007156939377815609, 0.03619829808245151, 0
0.06297011189372029, 0.016050845951212863, 0.04798182605308522, 0
0.04137646654887112, 0.007458163603408574, 0.03715969896081338, 0
0.05695883798516229, 0.010208394536536092, 0.04561005768485101, 0
0.04363630938728438, 0.006691960193257322, 0.03846051382519305, 0
0.047803711257879834, 0.007077853997430628, 0.04105485222603934, 0
0.052428820422309556, 0.006104123645823138, 0.043425728323436004, 0
0.059681448334600665, 0.01240193251774115, 0.04662059723876459, 0
0.05329658282625045, 0.008605909078303707, 0.04387905818912072, 0
0.060395557625042354, 0.010617770175785838, 0.04673338042499939, 0
0.04028891324823143, 0.0068698649437648595, 0.036420398092042484, 0
0.048051535165362196, 0.007591960933738827, 0.04108747296581569, 0
0.04321060463131154, 0.007698915323411481, 0.03820292220270794, 0
0.04951788097493705, 0.011432849739887075, 0.04232525079090955, 0
0.050443284038345325, 0.009081790210254436, 0.04255210867518861, 0
0.04186288376790871, 0.00709472096822811, 0.03754389518739583, 0
0.0699144921247387, 0.009781144853676762, 0.049187500901441514, 0
0.061555627646372804, 0.008199231374752999, 0.047132041525701114, 0
0.0621825002989928, 0.00713795956592411, 0.04733310166191651, 0
0.06913833653774394, 0.012782575608660116, 0.04904171411464994, 0
0.0562876300410034, 0.005600358161553603, 0.045104529117016894, 0
0.051939883962500474, 0.006593910441556708, 0.04316726872475316, 0
0.05641329255527206, 0.010802494484698923, 0.045336069104962386, 0
0.051573922453850986, 0.006602730400006902, 0.04297661401679929, 0
0.04565895749279153, 0.008388013257482799, 0.04000658272418815, 0
0.042201658130917356, 0.006221661867407408, 0.03756553635442895, 0
0.04737598495803223, 0.008713129027613911, 0.04081392994609694, 0
0.04352632139144766, 0.008711432125138344, 0.03858270917046421, 0
0.03933090059113112, 0.006364099207663444, 0.03574796810255934, 0
0.03559494021234975, 0.005580876155797588, 0.03293841903971892, 0
0.03678093171333178, 0.0060046872986170684, 0.033813127939589745, 0
0.033262229028184896, 0.004986555317011612, 0.03103342967141467, 0
0.04963102719535584, 0.006630367049727444, 0.04191731270218597, 0
0.044746973879456496, 0.009264521995198439, 0.03937585375488161, 0
0.035947604553033266, 0.005572350834539555, 0.033213166197271576, 0
0.04818227861754373, 0.008728583599873102, 0.041366059645654, 0
0.055558757093716285, 0.00872046881233355, 0.044894001693774964, 0
0.04224708088737962, 0.008046551274559364, 0.037726605946984695, 0
0.05163932222937148, 0.0059309612247684775, 0.04291021793610681, 0
0.06275730739858985, 0.008710435881421315, 0.04751712496702451, 0
0.05249117036344106, 0.007283412451944311, 0.04350807532799325, 0
0.05058917587515, 0.006701284808288745, 0.04246699192502295, 0
0.054046424974387275, 0.006817255705089808, 0.04429371431197091, 0
0.049559597971618914, 0.008008057151222861, 0.04190239422299298, 0
0.05153837555325798, 0.007839265916815373, 0.04307377999082668, 0
0.055481719899085485, 0.013901628957917932, 0.045185181899148635, 0
0.03880024873470667, 0.006561969297879396, 0.03530938864099148, 0
0.046270267750112205, 0.006011130210983277, 0.04002025365499805, 0
0.037149553731707786, 0.005103966348902653, 0.03396165542439379, 0
0.03997402286797484, 0.005725966126530625, 0.03598542610059738, 0
0.05223307931050617, 0.009643318889599543, 0.043569874488964405, 0
0.03325895234514353, 0.004859216941163565, 0.031134434182018257, 0
0.06242243801632609, 0.01275436093213907, 0.04756628061596992, 0
0.04862972362439769, 0.008907588407991763, 0.04162278350677025, 0
0.05503078857971375, 0.006803950842940963, 0.04459606492538035, 0
0.04469700160257798, 0.008291548810252536, 0.039429865895013114, 0
0.049397665121748854, 0.008103948053295515, 0.04201312291051034, 0
0.04786503312038186, 0.008463933678222532, 0.0411635158855469, 0
0.05067452838192899, 0.010097139722308435, 0.04270450430964708, 0
0.0499585630545623, 0.009795341401930738, 0.04231884854035078, 0
0.05066057992741783, 0.010037830832544122, 0.04268263373879814, 0
0.04998905597035553, 0.009787836079806683, 0.04232987267030928, 0
0.05065806240429242, 0.010019375829017607, 0.04267805203743184, 0
0.04999895482690603, 0.009785532861101811, 0.04233388660860905, 0
0.03756274360511705, 0.0063944893082615245, 0.03438934168698944, 0
0.0386384136564373, 0.006875567275453321, 0.03515494163536806, 0
0.03395942574954108, 0.004996894798345309, 0.03166839039206894, 0
0.03392660290323308, 0.0050718453982059606, 0.031576938819947914, 0
0.05984104712312598, 0.016392486127407988, 0.04717374666848234, 0
0.24848620503079266, 0.02580887003044144, 0.18882218690310054, 0
0.21021253520748212, 0.018374147861826035, 0.17327622946871793, 0
0.24899702580459768, 0.02505516450508086, 0.18903631410841198, 0
0.21048205983378993, 0.018352698784071392, 0.17341260001867187, 0
0.20963796835818221, 0.016476216832263094, 0.17331036865611918, 0
0.19437410258891435, 0.008869117987550565, 0.16540331252097892, 0
0.15900914091891447, 0.004619674433548423, 0.1427226131810934, 0
0.09933864083749977, 0.009574238234055558, 0.09524811967658302, 0
0.15612983057663016, 0.004696792883089964, 0.14055398908475095, 0
0.06276008526275816, 0.0035074014942137665, 0.06178157594411492, 0
0.2413013890070367, 0.02227707993313476, 0.1868351360454793, 0
0.13063596221765078, 0.0032547538994921192, 0.12150487614951143, 0
0.09831095530769551, 0.007734092830003809, 0.09453217380072171, 0
0.2115926212264158, 0.018562778471946772, 0.1739691945039706, 0
0.12699275501577514, 0.002756586479228069, 0.11851652729719366, 0
0.11764593477601942, 0.008504186770295958, 0.11076655594339038, 0
0.24153424337916868, 0.020150461193218762, 0.1868529110031816, 0
0.11023265749207814, 0.0021209945814277976, 0.10474486295308676, 0
0.11991251933284303, 0.009582639280789973, 0.11295238807173542, 0
0.17791822225004747, 0.007073106633052704, 0.15553387109169206, 0
0.1184455051711192, 0.002264367544399407, 0.1115309309657256, 0
0.08660009555053787, 0.002270530751774672, 0.08385045462839491, 0
0.09594050905266256, 0.0025192460450882115, 0.0920962770446871, 0
0.07358523936124822, 0.004401618999172866, 0.07184455348367418, 0
0.18832261628206357, 0.0077896118746367, 0.1615164828384135, 0
0.25311087121173903, 0.03768201685021798, 0.1902580618700796, 0
0.2426173041395072, 0.019586742400195423, 0.1869965325507569, 0
0.2587286195653038, 0.03288995163701073, 0.19183981707194733, 0
0.21498842862030224, 0.02245814123170353, 0.17556160737300477, 0
0.21795289462764061, 0.017739485749004715, 0.1770980262307922, 0
0.24339175197284718, 0.03297402220936165, 0.18758220742059675, 0
0.24340079377543372, 0.02335415285807263, 0.18731346194749587, 0
0.20595216292566856, 0.008691228193220098, 0.17132885740951748, 0
0.23757582773411257, 0.019520007776788275, 0.1851394186590593, 0
0.15310807419467776, 0.005196944604632892, 0.1383309834928311, 0
0.09565623712974014, 0.010929092478296503, 0.0923895704764726, 0
0.1497767168371184, 0.004049378067201138, 0.13613730048570957, 0
0.07926289939206457, 0.005209784674492391, 0.07730225260676149, 0
0.11515298724024825, 0.002263069852638325, 0.10865724044205319, 0
0.10302583121334269, 0.004424966878886761, 0.09844715320144191, 0
0.17156594438096973, 0.0060420054346104445, 0.15135803693522548, 0
0.041332552460359356, 0.002157059095119046, 0.04099885573320059, 0
0.1463247812289119, 0.0032163750449708496, 0.1335622184182905, 0
0.11043877951650208, 0.008765851490581969, 0.10491552933914605, 0
0.15763640927997974, 0.004502395623819491, 0.14181292071010973, 0
0.08562780704822757, 0.0075516952302537785, 0.08303490692710187, 0
0.25053672826129053, 0.025495379512464233, 0.1894163219828927, 0
0.24767232214307047, 0.017456387483960802, 0.188974605766215, 0
0.1589090702241127, 0.004545265324623914, 0.14265814458214576, 0
0.08540243747186116, 0.007500677365818859, 0.08282711348356321, 0
0.229185144982394, 0.019138417238706705, 0.1818156101259439, 0
0.20292937284290913, 0.010867091142786696, 0.169761803384113, 0
0.22264769383899535, 0.02340108621452858, 0.17926553780381685, 0
0.25487005102332916, 0.03259888904778867, 0.19077386310227903, 0
0.22753360100018966, 0.023132862582985702, 0.18131512206605824, 0
0.2096021225946228, 0.013586395107048385, 0.172955877482358, 0
0.1552901951551861, 0.004447292964269757, 0.14031639789864137, 0
0.06325947187968407, 0.0037995919491128696, 0.06215917070706579, 0
0.22873031042238315, 0.020352796296876523, 0.18163702642914828, 0
0.1406264560334109, 0.0039889773286903895, 0.1290699079663012, 0
0.07564769662701666, 0.004980293221109072, 0.07387972773849147, 0
0.22392663176675306, 0.02491482139850572, 0.17990590876634785, 0
0.20624679662770867, 0.010119002676841586, 0.17157063248778887, 0
0.21619114295592784, 0.013677607800493239, 0.1761472075757067, 0
0.1556725460078066, 0.004600663236565977, 0.14057954421713206, 0
0.07906699883489228, 0.007075461693376486, 0.07700277035490047, 0
0.1856440013453878, 0.008504894591757716, 0.15991834444432204, 0
0.23872446401489833, 0.028499614225271603, 0.1855863765031401, 0
0.1916913905369108, 0.007215747146668986, 0.16352014463104556, 0
0.06665490520500537, 0.005627748049226615, 0.06551935221567136, 0
0.23853399991374383, 0.028276861096104774, 0.18547714690084333, 0
0.19315596853067885, 0.0072577841816021125, 0.16429942651363458, 0
0.06674202489700141, 0.005639036016995417, 0.06560308019696891, 0
0.23853399991374383, 0.028276861096104774, 0.18547714690084333, 0
0.19315596853067885, 0.0072577841816021125, 0.16429942651363458, 0
0.06674202489700141, 0.005639036016995417, 0.06560308019696891, 0
0.2182553561465774, 0.014101784452041098, 0.17744054072665208, 0
0.2373931800815692, 0.030168298300924344, 0.18511101664415863, 0
0.18297371278831798, 0.006876467443679887, 0.15825674613815638, 0
0.04104220564087252, 0.001975256000725274, 0.04078515777317708, 0
0.13700911688667775, 0.002961406287324358, 0.12641987788046596, 0
0.11676457565198715, 0.010489570178399523, 0.11048233829871218, 0
0.23726483465949164, 0.02626578188147623, 0.18543979185760665, 0
0.17336245957777502, 0.006600173574869639, 0.152507941918849, 0
0.054609665869280656, 0.004174472444053566, 0.053918765969483494, 0
0.2850009470369286, 0.04077100176602581, 0.19755154645393808, 0
0.15094359016956277, 0.003944503772158681, 0.13705406140836643, 0
0.08849911469809593, 0.007281182952752855, 0.08564564727745501, 0
0.2644563630849557, 0.03364002394367099, 0.19352498841028812, 0
0.25436074974261796, 0.020294646054192508, 0.19072017658691046, 0
0.22715844562555557, 0.019659589514332138, 0.1811932353036417, 0
0.22561943585572258, 0.01666523053907346, 0.18058730683462437, 0
0.2249190725145537, 0.021389396993630024, 0.18034093095446063, 0
0.11361311321693048, 0.0023461310946224136, 0.10739637095619466, 0
0.1073129033860697, 0.006204466187867341, 0.10215875267102725, 0
0.15536127241590184, 0.004569899452643463, 0.1401833796892849, 0
0.07928722272826134, 0.006057624330569068, 0.07719508726474109, 0
0.14647048857680345, 0.003830592380956265, 0.13356074361709178, 0
0.09504943288679944, 0.0067881318195822235, 0.09140920982510009, 0
0.2408013405395797, 0.019107238292261002, 0.186264714702356, 0
0.22900839841425683, 0.018246398569115647, 0.1820680945123944, 0
0.21075769001077252, 0.019371440187729565, 0.17384629181671407, 0
0.2384436885493275, 0.021117990574673912, 0.18539354179707856, 0
0.19495484577558586, 0.00739153699480618, 0.1652361433866395, 0
0.04042495109549265, 0.0022354006678734885, 0.04015444076992748, 0
0.24908477165013748, 0.03468443162032946, 0.18949815259076663, 0
0.1580187578336149, 0.003923449179477206, 0.14200659378540842, 0
0.09214091255755794, 0.0054367528807678315, 0.0887787660716612, 0
0.18385145568572278, 0.008856355027548014, 0.15895851104817263, 0
0.24821128677404722, 0.023915057196769365, 0.18873524366820776, 0
0.23275313221572352, 0.019348399842896838, 0.18331212366348015, 0
0.21212697635286143, 0.016428692061726972, 0.17466295234708581, 0
0.15805087953116276, 0.005009113808196165, 0.14184718978146915, 0
0.08086978129746909, 0.006235209341969724, 0.07881553552853882, 0
0.177832280381387, 0.006723020364212104, 0.15511069497730828, 0
0.0576324016125116, 0.00376717471210086, 0.0568952332246477, 0
0.22525117366253372, 0.019898832065984633, 0.18028358256759283, 0
0.24975886890549095, 0.021526604774066656, 0.189242766173843, 0
0.2054377018855918, 0.010769800708195417, 0.17097758622402692, 0
0.2378415856795469, 0.021943025097085782, 0.18573792497762334, 0
0.23326834844709737, 0.015372558464880469, 0.1837728450414284, 0
0.2192453349955538, 0.017792875962863025, 0.17759430017899794, 0
0.24919416893807064, 0.025785937922674296, 0.18904411087799053, 0
0.19112641196875715, 0.010468002445737609, 0.162990615158342, 0
0.19445033531166545, 0.00878854253025439, 0.1651918593076702, 0
0.21882261484599963, 0.01919760791062016, 0.17747361256697708, 0
0.20984099273113543, 0.01830646270726882, 0.17309853230172165, 0
0.1918025256121681, 0.009556360146923055, 0.16382905477460355, 0
0.23022556157838728, 0.014249499061276677, 0.18229370678883405, 0
0.23435763277043253, 0.020180639189187735, 0.18382739596302905, 0
0.21469440179404056, 0.019029724374453823, 0.17575714622464647, 0
0.20672894240424175, 0.023180420628666938, 0.1718063071554843, 0
0.2051396745354628, 0.022302899306380724, 0.1709929484032523, 0
0.20652971576220588, 0.02271833421703172, 0.17179974898365333, 0
0.2052094031488566, 0.022086776799657003, 0.1710536136715418, 0
0.22366577437680893, 0.024819665920714492, 0.17972700653843576, 0
0.23085507391492352, 0.026101502747974355, 0.18276558297916268, 0
0.21043930591523485, 0.026013207592166902, 0.1735788111191973, 0
0.20490423114911388, 0.02354908753856585, 0.17096702097458824, 0
0.24370807742059333, 0.029460108560882006, 0.18764297433170823, 0
0.2377991288441636, 0.02868461385730927, 0.18570336539085827, 0
0.2444862122020571, 0.030066910184504882, 0.18790766927654504, 0
0.20499254922368834, 0.021914705511564908, 0.17088734501969355, 0
0.19327764519067592, 0.021945467090755604, 0.16460110542360168, 0
0.22828494075711783, 0.03853078601907727, 0.1817886187471492, 0
0.1946193571690455, 0.02038347560638815, 0.16529359032922097, 0
0.19354447783132733, 0.01950780138159431, 0.1650352601623745, 0
0.24329071957908033, 0.03665370332190984, 0.18742806270455672, 0
0.20545565599704585, 0.020078328873806082, 0.17135161705564375, 0
0.23428469124908033, 0.024220475408519647, 0.18391153564594723, 0
0.255093209132958, 0.041379434440469834, 0.19155450726561066, 0
0.19346144627982936, 0.024826940992398426, 0.16460150017941585, 0
0.22360523480053693, 0.02544848374721073, 0.17987869385588395, 0
0.1989997289946946, 0.022023865749354152, 0.1678473407195475, 0
0.2004796111901506, 0.021647849704860875, 0.16826431051706264, 0
0.2027236743143179, 0.020128754187101725, 0.16966020385172953, 0
0.2537472262220856, 0.03826831363120561, 0.19103238491226512, 0
0.20646247333706794, 0.02101914775294477, 0.17171298153371367, 0
0.2578627738058415, 0.03573962881751464, 0.19184873014091153, 0
0.2424462461886294, 0.033379913757947285, 0.18724602521439002, 0
0.2032041335147597, 0.03200949925848621, 0.1700732453467836, 0
0.24279818501999353, 0.032895078722986235, 0.18733299516477434, 0
0.2022504559365985, 0.03140673645020766, 0.16951591253327883, 0
0.18623202629962757, 0.019122586620766834, 0.16033233603019273, 0
0.20030935903257321, 0.0218507493460078, 0.16872560641359627, 0
0.21391099473134811, 0.02081013464291619, 0.17549552054375042, 0
0.2482942247319529, 0.04011278290498467, 0.18939476356781515, 0
0.1773849745437266, 0.020324602209363142, 0.1551486922720172, 0
0.1958515069376045, 0.025395966006434737, 0.16633321268365747, 0
0.15412386898804475, 0.01154398681837537, 0.13953406099849872, 0
0.23478515194022226, 0.02495115618832732, 0.1841146307822574, 0
0.15612446141091674, 0.011640396713251712, 0.14106007283469912, 0
0.2373957552076906, 0.024835468801788416, 0.1851398216899039, 0
0.20915732686247754, 0.025325255712188743, 0.173108035049379, 0
0.24511295143169645, 0.031043490188896156, 0.1881226162879702, 0
0.2400052994623471, 0.040083791775458864, 0.18644686241196176, 0
0.2316050775351985, 0.03662607596113308, 0.18332794877413314, 0
0.20907703175362866, 0.02288408257748976, 0.17327535964467833, 0
0.1893998493106678, 0.019931677436168825, 0.1625104174249841, 0
0.236278505178795, 0.03339344342809884, 0.18512162419217276, 0
0.20832496902312939, 0.02619611015194521, 0.17268773455576258, 0
0.2284349668618634, 0.029742341374931768, 0.18186760445626868, 0
0.2018151202140302, 0.021443879596155686, 0.16917251963265856, 0
0.26952123171604425, 0.041515228648129975, 0.19519781196787883, 0
0.20320319563215122, 0.023586648223929977, 0.17010879824760106, 0
0.1977350757599889, 0.02312386596679854, 0.16733827400296436, 0
0.24050313033813045, 0.03227229787603555, 0.18642573421887634, 0
0.19281510584712316, 0.02278149058673301, 0.16426374910009872, 0
0.20240051176396434, 0.02245327021068671, 0.1695579300678364, 0
0.2411115942514654, 0.030970544790532614, 0.18689408716722947, 0
0.2365761529123388, 0.02431368426228249, 0.18490865202426432, 0
0.20302991309182405, 0.02492675640927837, 0.16989181292979094, 0
0.20025145453723975, 0.019836261205344746, 0.16826063484231024, 0
0.16335436532348996, 0.014697559036763926, 0.14588887094848946, 0
0.22849905446979354, 0.027396374333667643, 0.18200106310824474, 0
0.2248085485237083, 0.02776633781120818, 0.1802882625472964, 0
0.26190361221019415, 0.033287735234161474, 0.19307053338300936, 0
0.19591051366870105, 0.017417436553599785, 0.1664270168129623, 0
0.24106254735157656, 0.024115344383907444, 0.18661149554489928, 0
0.20974079088678288, 0.030593016946802512, 0.17350611397196014, 0
0.22669148929399152, 0.030387146300577088, 0.18133887624036912, 0
0.20942931733801662, 0.03166851157789218, 0.17340338399213523, 0
0.20793819619796025, 0.030835941154028036, 0.17269676848207488, 0
0.1871574502784981, 0.018899856828145573, 0.16109410349585448, 0
0.1875232489069359, 0.02028058030290578, 0.16129797277145838, 0
0.20469280458406897, 0.022737502058200954, 0.17101486589202336, 0
0.2189204182043758, 0.02744372332105901, 0.17786369698228258, 0
0.21764492661858723, 0.024508068574809715, 0.1770371993891341, 0
0.22887406554436568, 0.02874224060957323, 0.1821627933168583, 0
0.23320238297002205, 0.02517223355427549, 0.18353381154524087, 0
0.1922774008751665, 0.029168784088607333, 0.1644384789970018, 0
0.21677857816006463, 0.022153035603510115, 0.176719411010792, 0
0.21224012407475146, 0.020479045827951767, 0.1748700770424102, 0
0.2340218050663126, 0.02914247729871263, 0.18455579113801088, 0
0.20671740174421985, 0.024154347995067566, 0.1719638438473354, 0
0.2226711053573896, 0.032305308187251074, 0.17958475563845042, 0
0.24285915640218309, 0.030913814454520943, 0.1873854557010638, 0
0.24562788076683123, 0.035103222980075774, 0.1883369372560892, 0
0.21998467221656598, 0.02672066904794181, 0.177962033036576, 0
0.20699296676480786, 0.027110308676533218, 0.17192055049396035, 0
0.23768289108097113, 0.03249146768745188, 0.1853423411793108, 0
0.20786765888858183, 0.02108097071355164, 0.1724493579806371, 0
0.28489771131944863, 0.03637088020910936, 0.2117607622563383, 0
0.23857749937801917, 0.027925633989833214, 0.1856381783579764, 0
0.22602756461978385, 0.02547094096197052, 0.18094260684402733, 0
0.17387236307504203, 0.017712626648247267, 0.15296736265718117, 0
0.21651478569873953, 0.024549210152802474, 0.17634504935069936, 0
0.1887756363490305, 0.02142094228579629, 0.1622585509850669, 0
0.21038042811180357, 0.029957605987929663, 0.17402173903351242, 0
0.23032841351048694, 0.02675163838309173, 0.1827037246158228, 0
0.1952010005619445, 0.01998180503704396, 0.16550149639172812, 0
0.22269139035026025, 0.03458232750926187, 0.17965978584061512, 0
0.21390559376873053, 0.03232041454122065, 0.17550147926876633, 0
0.2225032636626976, 0.03409248055086223, 0.17964788197139808, 0
0.21368942595322274, 0.0319368275749774, 0.17546461350112802, 0
0.17624533170027737, 0.024575296065159145, 0.15495530374638186, 0
0.18384586348778886, 0.025886084317585288, 0.15923076360221386, 0
0.16867696547353184, 0.025072128953780384, 0.14977248119616404, 0
0.19500034861684196, 0.027371392076034357, 0.16571761770589602, 0
0.18349915662580846, 0.025281993628380406, 0.1591956670014993, 0
0.1983317859194895, 0.03154135588860946, 0.16800538834690118, 0
0.16685833437083608, 0.020125471643198573, 0.1484247647358463, 0
0.21271878347719123, 0.02991014055606449, 0.17495243340078814, 0
0.17833568464463606, 0.02145512207332553, 0.15586912219272425, 0
0.16592083925920315, 0.02011884670477015, 0.14773578183046232, 0
0.16910955719107534, 0.024011419935159314, 0.15005792148270178, 0
0.1860588723962721, 0.02369849833488631, 0.16061850483283413, 0
0.16555827141514504, 0.022469645841894804, 0.14765928350882848, 0
0.1643868669305914, 0.019017538448424874, 0.14667852642184634, 0
0.14809674713312537, 0.017954494118739325, 0.1352671276588963, 0
0.20638745301271522, 0.03429044502378182, 0.17185286858602872, 0
0.16602937893629938, 0.01905062820860553, 0.14782369915917135, 0
0.1602489519951644, 0.021429859581998452, 0.14421810337051322, 0
0.21889830599197582, 0.03404906686046549, 0.17800700503576694, 0
0.17731802224782936, 0.02642856680091874, 0.15544791885361955, 0
0.18966280080530562, 0.026888040305162335, 0.16300335231559876, 0
0.1870612091758968, 0.023862483555547546, 0.16125384753613578, 0
0.18753563559771358, 0.02580375789325592, 0.16151701083882192, 0
0.1416405342835239, 0.019406896432083036, 0.13054766298388407, 0
0.2084365008573859, 0.025830525898209812, 0.1730716938523553, 0
0.16134440971939032, 0.020302037087789885, 0.1448519395949271, 0
0.17790155743116445, 0.024171544508968527, 0.1555368810498747, 0
0.16607700986674467, 0.020564884679850015, 0.1478328006533423, 0
0.1522188356282485, 0.018806373126958573, 0.1383397075572203, 0
0.16778557502027214, 0.020896075584037634, 0.14898748878152604, 0
0.18710526050353746, 0.024587051522898442, 0.16133481087192236, 0
0.16469609229879784, 0.021266947814230323, 0.14700750292523077, 0
0.1985390319655671, 0.02641010757653286, 0.1678262596393684, 0
0.1999929926469214, 0.03265360724620769, 0.1684936887522595, 0
0.2061221411506482, 0.03114639797612764, 0.17189770228525178, 0
0.21988601060596016, 0.03599067344379912, 0.17854846444407452, 0
0.1801831409807242, 0.023040024891250174, 0.1569122336045424, 0
0.2316005040633071, 0.03518463205689119, 0.18342146520864433, 0
0.19571033117177966, 0.030466808613405037, 0.16613101082105158, 0
0.16103158966556522, 0.021953919433997524, 0.1446790375424462, 0
0.14921171705420316, 0.01840709903502694, 0.1361445426607851, 0
0.20835614619219994, 0.025910972602959926, 0.17275242632405008, 0
0.20522715973100303, 0.02660857309406588, 0.17123927038771877, 0
0.19165000242564664, 0.02953357731134832, 0.1642448397954877, 0
0.21581919620176485, 0.027403006433798456, 0.17640700754204613, 0
0.21759368895723394, 0.03303733877072941, 0.17774567033429509, 0
0.15390921143378722, 0.019659140268171327, 0.13939483208732845, 0
0.215825996010277, 0.034348204221443954, 0.17635233545244824, 0
0.22067762102949967, 0.035165780552045244, 0.17907801005867507, 0
0.2022315005858215, 0.02478743153881082, 0.16976308396607975, 0
0.15138174533025714, 0.018111142236566694, 0.13780698715524745, 0
0.1964876582822135, 0.02677120155212186, 0.16658121942482304, 0
0.2078241293334545, 0.031077161754240964, 0.172511100337761, 0
0.1789740435582377, 0.02199534139942485, 0.15621707380646904, 0
0.2069365344856981, 0.03353334466622816, 0.17243270411965034, 0
0.15414970832194494, 0.019215701801799493, 0.13965937863045405, 0
0.1951658938336302, 0.024096202933841564, 0.16614332770773238, 0
0.1944038168431962, 0.029587778396782366, 0.1654212900717982, 0
0.19382193448149654, 0.02509529568751006, 0.16516801919442323, 0
0.20682330928541345, 0.026675699037470923, 0.17213724884577378, 0
0.21963841388146255, 0.031641039028661784, 0.17825811303679212, 0
0.15513371351297695, 0.01982483406625961, 0.14025462005423717, 0
0.16475194145046806, 0.024230034303479947, 0.14725109644593598, 0
0.1681826240481597, 0.02381512796169452, 0.14940780827703243, 0
0.17234689797918495, 0.026003010476010967, 0.15245222085144683, 0
0.17652658326202436, 0.029356430705025985, 0.15475148298356387, 0
0.18708684375225554, 0.022752727063353746, 0.16136700058856762, 0
0.20967199525556499, 0.031999810810539035, 0.17387824338548924, 0
0.16472663717326613, 0.01894549360653899, 0.14708571132992632, 0
0.19937234464568396, 0.03409314848147143, 0.16818467448401084, 0
0.17895972913921337, 0.023245316310892994, 0.15654683394007912, 0
0.19808049010466044, 0.026784345987786437, 0.16726294905888608, 0
0.20034600788061951, 0.02757150378636736, 0.16869115616201377, 0
0.18693429147866475, 0.02226982123111734, 0.16133169738689326, 0
0.18372062852370694, 0.027397024733194723, 0.15927401186964868, 0
0.17320184805027689, 0.023453416906316128, 0.15263802361381562, 0
0.18830970533568708, 0.02475573835097558, 0.16198747417496068, 0
0.20267779216331244, 0.031011238146993216, 0.17001082247568436, 0
0.17300820982581955, 0.023104663816399168, 0.15276497584267215, 0
0.15861822430483974, 0.021379902007279235, 0.1431171990191269, 0
0.1988585647224306, 0.027340185478240343, 0.1677285985755386, 0
0.24668364981309598, 0.03719507558287274, 0.18863508085891217, 0
0.23498289018100693, 0.03934056846682371, 0.18499486471089538, 0
0.20609879539813514, 0.033398108932997675, 0.17180175483148688, 0
0.1968333487927415, 0.027927443017726324, 0.16697475132771064, 0
0.19389516433583745, 0.025632095820038565, 0.1650863262713138, 0
0.15882176807176254, 0.021774920448328815, 0.14290200542268977, 0
0.17255860328123174, 0.022572233231358516, 0.1523291157587458, 0
0.16402215614464308, 0.021457525192187153, 0.14663950361370312, 0
0.19722287655674214, 0.025771220758447285, 0.16711372931965024, 0
0.18427322530136148, 0.024062043933795033, 0.15958352481165614, 0
0.1991062269357104, 0.025878184717018735, 0.1679949382082372, 0
0.20252418902378344, 0.029633207437166836, 0.169839671170394, 0
0.16453521188860903, 0.023329229057855918, 0.1471229652180843, 0
0.18186811178697918, 0.026894999291018965, 0.15814068319770977, 0
0.1913466762076601, 0.030839519697210393, 0.16368519607371723, 0
